{
  "Dec 27, 2020": 0.141,
  "Dec 28, 2020": 0.153,
  "Dec 29, 2020": 0.132,
  "Dec 30, 2020": 0.127,
  "Dec 31, 2020": 0.121,
  "Jan 01, 2021": 0.121,
  "Jan 02, 2021": 0.124,
  "Jan 03, 2021": 0.119,
  "Jan 04, 2021": 0.163,
  "Jan 05, 2021": 0.209,
  "Jan 06, 2021": 0.223,
  "Jan 07, 2021": 0.184,
  "Jan 08, 2021": 0.184,
  "Jan 09, 2021": 0.184,
  "Jan 10, 2021": 0.1707,
  "Jan 11, 2021": 0.1814,
  "Jan 12, 2021": 0.1534,
  "Jan 13, 2021": 0.1482,
  "Jan 14, 2021": 0.1457,
  "Jan 15, 2021": 0.1612,
  "Jan 16, 2021": 0.1514,
  "Jan 17, 2021": 0.1726,
  "Jan 18, 2021": 0.205,
  "Jan 19, 2021": 0.1943,
  "Jan 20, 2021": 0.22010000000000002,
  "Jan 21, 2021": 0.2318,
  "Jan 22, 2021": 0.1954,
  "Jan 23, 2021": 0.22030000000000002,
  "Jan 24, 2021": 0.2132,
  "Jan 25, 2021": 0.2556,
  "Jan 26, 2021": 0.2415,
  "Jan 27, 2021": 0.2222,
  "Jan 28, 2021": 0.21530000000000002,
  "Jan 29, 2021": 0.2192,
  "Jan 30, 2021": 0.2148,
  "Jan 31, 2021": 0.22719999999999999,
  "Feb 01, 2021": 0.21030000000000001,
  "Feb 02, 2021": 0.2159,
  "Feb 03, 2021": 0.2469,
  "Feb 04, 2021": 0.2859,
  "Feb 05, 2021": 0.354,
  "Feb 06, 2021": 0.5760000000000001,
  "Feb 07, 2021": 0.4366,
  "Feb 08, 2021": 0.374,
  "Feb 09, 2021": 0.5122,
  "Feb 10, 2021": 0.4738,
  "Feb 11, 2021": 0.5146999999999999,
  "Feb 12, 2021": 0.4911,
  "Feb 13, 2021": 0.5379,
  "Feb 14, 2021": 0.4874,
  "Feb 15, 2021": 0.6720999999999999,
  "Feb 16, 2021": 1.07,
  "Feb 17, 2021": 1.1,
  "Feb 18, 2021": 0.8266,
  "Feb 19, 2021": 0.8675,
  "Feb 20, 2021": 0.6962999999999999,
  "Feb 21, 2021": 0.8012999999999999,
  "Feb 22, 2021": 0.8201,
  "Feb 23, 2021": 0.7522,
  "Feb 24, 2021": 0.6634,
  "Feb 25, 2021": 0.7338,
  "Feb 26, 2021": 0.6259,
  "Feb 27, 2021": 0.6531999999999999,
  "Feb 28, 2021": 0.6459999999999999,
  "Mar 01, 2021": 0.6331,
  "Mar 02, 2021": 0.7548999999999999,
  "Mar 03, 2021": 0.6908,
  "Mar 04, 2021": 0.6665000000000001,
  "Mar 05, 2021": 0.6162,
  "Mar 06, 2021": 0.5878,
  "Mar 07, 2021": 0.6088,
  "Mar 08, 2021": 0.8943000000000001,
  "Mar 09, 2021": 0.9987999999999999,
  "Mar 10, 2021": 0.9143000000000001,
  "Mar 11, 2021": 0.8547,
  "Mar 12, 2021": 0.8869,
  "Mar 13, 2021": 0.9619,
  "Mar 14, 2021": 0.9102,
  "Mar 15, 2021": 0.8937999999999999,
  "Mar 16, 2021": 0.8181999999999999,
  "Mar 17, 2021": 0.7734000000000001,
  "Mar 18, 2021": 0.8894,
  "Mar 19, 2021": 0.8151999999999999,
  "Mar 20, 2021": 0.836,
  "Mar 21, 2021": 0.8490000000000001,
  "Mar 22, 2021": 0.8542000000000001,
  "Mar 23, 2021": 0.8266,
  "Mar 24, 2021": 0.7511,
  "Mar 25, 2021": 0.7023,
  "Mar 26, 2021": 0.7447,
  "Mar 27, 2021": 0.8401000000000001,
  "Mar 28, 2021": 0.9033,
  "Mar 29, 2021": 0.8672,
  "Mar 30, 2021": 0.8386,
  "Mar 31, 2021": 0.8334,
  "Apr 01, 2021": 0.7684000000000001,
  "Apr 02, 2021": 0.7465999999999999,
  "Apr 03, 2021": 0.7443,
  "Apr 04, 2021": 0.7432,
  "Apr 05, 2021": 0.7077,
  "Apr 06, 2021": 0.6967,
  "Apr 07, 2021": 0.622,
  "Apr 08, 2021": 0.6567000000000001,
  "Apr 09, 2021": 0.6639,
  "Apr 10, 2021": 0.6817,
  "Apr 11, 2021": 0.6870999999999999,
  "Apr 12, 2021": 0.6548999999999999,
  "Apr 13, 2021": 0.6604000000000001,
  "Apr 14, 2021": 0.6135,
  "Apr 15, 2021": 0.6189,
  "Apr 16, 2021": 0.6028,
  "Apr 17, 2021": 0.6106,
  "Apr 18, 2021": 0.6275,
  "Apr 19, 2021": 0.6043999999999999,
  "Apr 20, 2021": 0.585,
  "Apr 21, 2021": 0.6321,
  "Apr 22, 2021": 0.6255,
  "Apr 23, 2021": 0.5908,
  "Apr 24, 2021": 0.613,
  "Apr 25, 2021": 0.6462,
  "Apr 26, 2021": 0.7574,
  "Apr 27, 2021": 0.8756,
  "Apr 28, 2021": 0.9484,
  "Apr 29, 2021": 0.7765000000000001,
  "Apr 30, 2021": 0.7846,
  "May 01, 2021": 0.7931,
  "May 02, 2021": 0.7451000000000001,
  "May 03, 2021": 0.7116,
  "May 04, 2021": 0.6501,
  "May 05, 2021": 0.698,
  "May 06, 2021": 0.7288,
  "May 07, 2021": 0.6999,
  "May 08, 2021": 0.6859000000000001,
  "May 09, 2021": 0.7323999999999999,
  "May 10, 2021": 0.7456999999999999,
  "May 11, 2021": 0.7106999999999999,
  "May 12, 2021": 0.7012,
  "May 13, 2021": 0.6887000000000001,
  "May 14, 2021": 0.6604000000000001,
  "May 15, 2021": 0.7206999999999999,
  "May 16, 2021": 0.6735,
  "May 17, 2021": 0.5863,
  "May 18, 2021": 0.6095,
  "May 19, 2021": 0.6218,
  "May 20, 2021": 0.396,
  "May 21, 2021": 0.5437,
  "May 22, 2021": 0.4592,
  "May 23, 2021": 0.3784,
  "May 24, 2021": 0.3375,
  "May 25, 2021": 0.4202,
  "May 26, 2021": 0.37060000000000004,
  "May 27, 2021": 0.3615,
  "May 28, 2021": 0.3594,
  "May 29, 2021": 0.3423,
  "May 30, 2021": 0.28850000000000003,
  "May 31, 2021": 0.2957,
  "Jun 01, 2021": 0.3134,
  "Jun 02, 2021": 0.2959,
  "Jun 03, 2021": 0.3125,
  "Jun 04, 2021": 0.3335,
  "Jun 05, 2021": 0.31829999999999997,
  "Jun 06, 2021": 0.2995,
  "Jun 07, 2021": 0.33770000000000006,
  "Jun 08, 2021": 0.317,
  "Jun 09, 2021": 0.2954,
  "Jun 10, 2021": 0.30870000000000003,
  "Jun 11, 2021": 0.2949,
  "Jun 12, 2021": 0.2753,
  "Jun 13, 2021": 0.2726,
  "Jun 14, 2021": 0.2812,
  "Jun 15, 2021": 0.2981,
  "Jun 16, 2021": 0.3031,
  "Jun 17, 2021": 0.2896,
  "Jun 18, 2021": 0.3075,
  "Jun 19, 2021": 0.30219999999999997,
  "Jun 20, 2021": 0.3048,
  "Jun 21, 2021": 0.3185,
  "Jun 22, 2021": 0.2837,
  "Jun 23, 2021": 0.3019,
  "Jun 24, 2021": 0.2865,
  "Jun 25, 2021": 0.2666,
  "Jun 26, 2021": 0.25579999999999997,
  "Jun 27, 2021": 0.2622,
  "Jun 28, 2021": 0.2858,
  "Jun 29, 2021": 0.318,
  "Jun 30, 2021": 0.30079999999999996,
  "Jul 01, 2021": 0.3182,
  "Jul 02, 2021": 0.2969,
  "Jul 03, 2021": 0.31829999999999997,
  "Jul 04, 2021": 0.3469,
  "Jul 05, 2021": 0.3555,
  "Jul 06, 2021": 0.3417,
  "Jul 07, 2021": 0.376,
  "Jul 08, 2021": 0.36229999999999996,
  "Jul 09, 2021": 0.36920000000000003,
  "Jul 10, 2021": 0.4082,
  "Jul 11, 2021": 0.4106,
  "Jul 12, 2021": 0.508,
  "Jul 13, 2021": 0.4182,
  "Jul 14, 2021": 0.3833,
  "Jul 15, 2021": 0.3839,
  "Jul 16, 2021": 0.3615,
  "Jul 17, 2021": 0.3489,
  "Jul 18, 2021": 0.3553,
  "Jul 19, 2021": 0.34619999999999995,
  "Jul 20, 2021": 0.3118,
  "Jul 21, 2021": 0.2952,
  "Jul 22, 2021": 0.3406,
  "Jul 23, 2021": 0.36479999999999996,
  "Jul 24, 2021": 0.44909999999999994,
  "Jul 25, 2021": 0.39399999999999996,
  "Jul 26, 2021": 0.4006,
  "Jul 27, 2021": 0.37020000000000003,
  "Jul 28, 2021": 0.38,
  "Jul 29, 2021": 0.37520000000000003,
  "Jul 30, 2021": 0.386,
  "Jul 31, 2021": 0.3826,
  "Aug 01, 2021": 0.3762,
  "Aug 02, 2021": 0.3608,
  "Aug 03, 2021": 0.35729999999999995,
  "Aug 04, 2021": 0.33909999999999996,
  "Aug 05, 2021": 0.3848,
  "Aug 06, 2021": 0.39030000000000004,
  "Aug 07, 2021": 0.40740000000000004,
  "Aug 08, 2021": 0.4107,
  "Aug 09, 2021": 0.361,
  "Aug 10, 2021": 0.4054,
  "Aug 11, 2021": 0.3832,
  "Aug 12, 2021": 0.3469,
  "Aug 13, 2021": 0.36450000000000005,
  "Aug 14, 2021": 0.37729999999999997,
  "Aug 15, 2021": 0.39759999999999995,
  "Aug 16, 2021": 0.396,
  "Aug 17, 2021": 0.38060000000000005,
  "Aug 18, 2021": 0.40090000000000003,
  "Aug 19, 2021": 0.4268,
  "Aug 20, 2021": 0.44909999999999994,
  "Aug 21, 2021": 0.4562,
  "Aug 22, 2021": 0.4619,
  "Aug 23, 2021": 0.4869,
  "Aug 24, 2021": 0.4606,
  "Aug 25, 2021": 0.4294,
  "Aug 26, 2021": 0.4522,
  "Aug 27, 2021": 0.4539,
  "Aug 28, 2021": 0.485,
  "Aug 29, 2021": 0.522,
  "Aug 30, 2021": 0.512,
  "Aug 31, 2021": 0.48969999999999997,
  "Sep 01, 2021": 0.5003,
  "Sep 02, 2021": 0.5019,
  "Sep 03, 2021": 0.5164,
  "Sep 04, 2021": 0.589,
  "Sep 05, 2021": 0.5657,
  "Sep 06, 2021": 0.5511,
  "Sep 07, 2021": 0.5447,
  "Sep 08, 2021": 0.4743,
  "Sep 09, 2021": 0.4645,
  "Sep 10, 2021": 0.4534,
  "Sep 11, 2021": 0.4338,
  "Sep 12, 2021": 0.4364,
  "Sep 13, 2021": 0.4866,
  "Sep 14, 2021": 0.46509999999999996,
  "Sep 15, 2021": 0.46520000000000006,
  "Sep 16, 2021": 0.4698,
  "Sep 17, 2021": 0.4404,
  "Sep 18, 2021": 0.42,
  "Sep 19, 2021": 0.4204,
  "Sep 20, 2021": 0.3937,
  "Sep 21, 2021": 0.3983,
  "Sep 22, 2021": 0.3823,
  "Sep 23, 2021": 0.4439,
  "Sep 24, 2021": 0.4694,
  "Sep 25, 2021": 0.4429,
  "Sep 26, 2021": 0.4471,
  "Sep 27, 2021": 0.4551,